PDB Id,Chain,Name,Protein Length,FASTA Sequence,Structural Class,Secondary Structure,Weight,Helices,Helix Residues,Strands,Strand Residues,Negative Residues,Positive Residues,GRAVY,Aliphatic Index,Theoretical pI,Folding Type,Contact Order,Angstroms (Contact Order),ln kf,Temperature,pH,Fragment start,Fragment end,Author,Year,Website
1A6N,A,MYOGLOBIN,151,VLSEGEWQLVLHVWAKVEADVAGHGQDILIRLFKSHPETLEKFDRFKHLKTEAEMKASEDLKKHGVTVLTALGAILKKKGHHEAELKPLAQSHATKHKIPIKYLEFISEAIIHVLHSRHPGDFGADAQGAMNKALELFRKDIAAKYKELGY,A,   HHHHHHHHHHHHHHGGGHHHHHHHHHHHHHHH HHHHTT TTTTT  SHHHHHT HHHHHHHHHHHHHHHHHHTTTT  HHHHHHHHHHHHHTT   HHHHHHHHHHHHHHHHHH GGG SHHHHHHHHHHHHHHHHHHHHHHHHHT ,17014.7,8,112,NA,NA,21,23,-0.346,96.36,8.71,Multi,14.0099,6,1.13,5,6.2,NA,NA,Cavagnero,1999,http://www.scripps.edu/wright/
1ADW,A,PSEUDOAZURIN,123,ATHEVHMLNKGESGAMVFEPAFVRAEPGDVINFVPTDKSHNVEAIKEILPEGVESFKSKINESYTLTVTEPGLYGVKCTPHFGMGMVGLVQVGDAPENLDAAKTAKMPKKARERMDAELAQVN,B, EEEEEEEEE SS EEEEESSEEEE TTEEEEEEESSSS   EE TTS  TT    B  TT  EEEEE S EEEEEE GGGGGGT EEEEEESSS TTHHHHHH    HHHHHHHHHHHTT  ,13341.2,2,17,8,44,18,13,-0.292,75.28,5.34,Multi,15.3685,6,0.69,15,7,NA,NA,Capaldi,1999,http://www.astbury.leeds.ac.uk/bmbsgi10/serres.php
1AON,A,GROEL/GROES COMPLEX,186,GMQFDRGYLSPYFINKPETGAVELESPFILLADKKISNIREMLPVLEAVAKAGKPLLIIAEDVEGEALATLVVNTMRGIVKVAAVKAPGFGDRRKAMLQDIATLTGGTVISEEIGMELEKATLEDLGQAKRVVINKDTTTIIDGVGEEAAIQGRVAQIRQQIEEATSDYDREKLQERVAKLAGGVA,,SEEES  BS TT   SSSTT B  SS EEEE SS  SSTT  HHHHHHHHHHT  EEEESS   HHHHHHHHHHHHHTS  EEEB  SSSHHHHHHTTHHHHHHHT     TTTT  SS S GGGSEEBS EEE SS EEES B   HHHHHHHHHTHHHHHS S  TTHHHHHHHHHHHTTS EE,20050.1,7,61,8,24,29,23,-0.038,105.97,4.92,Multi,43.2627,6,0.18,15,7,191,376,Golbik,1998,http://www2.mrc-lmb.cam.ac.uk/groups/fersht/
1APS,A,ACYLPHOSPHATASE,98,STARPLKSVDYEVFGRVQGVCFRMYAEDEARKIGVVGWVKNTSKGTVTGQVQGPEEKVNSMKSWLSKVGSPSSRIDRTNFSNEKTISKLEYSNFSVRY,A+B, TTS EEEEEEEEE TTS    TTHHHHHHHHHT EEEEE  TT EEEEEEEEEHHHHHHHHHSSSS   SSS    EEEEEEEEESS  SSSEEEE ,11016.4,2,18,5,36,10,16,-0.622,62.45,9.67,Two,20.7283,6,-1.58,25,7,NA,NA,Maxwell,2005,http://www-dobson.ch.cam.ac.uk/mediawiki
1ARR,A,ARC REPRESSOR,53,MKGMSKMPQFNLRWPREVLDLVRKVAEENGRSVNSEIYQRVMESFKKEGRIGA,A, TTS    EEEEE  HHHHHHHHHHHHHHTS HHHHHHHHHHHHGGGTGGGG ,6227.2,2,26,1,5,7,11,-0.764,67.92,9.98,Two,2.71281,6,9.2,25,7.5,NA,NA,Robinson,1996,http://web.mit.edu/sauerlab/publalumnitwo.html
1AU7,A,PROTEIN PIT-1,44,ERHFGEHSKPSSQEIMRMAEELNLEKEVVRVWFCNRRQREKRVK,A,HHHHHH SS  HHHHHHHHHHHT  HHHHHHHHHHHHHHTTS  ,5484.2,3,31,NA,NA,8,11,-1.323,55.23,9.62,Multi,1.00253,6,9.7,25,5.5,103,160,Banachewicz,2011,http://www2.mrc-lmb.cam.ac.uk/groups/fersht/
1AUE,A,FKBP-RAPAMYCIN ASSOCIATED PROTEIN,100,ELIRVAILWHEMWHEGLEEASRLYFGERNVKGMFEVLEPLHAMMERGPQTLKETSFNQAYGRDLMEAQEWCRKYMKSGNVKDLTQAWDLYYHVFRRISKQ,A,        HHHHHHHHHHHHHHHHHTT  HHHHHHHHHHHHHHHHT   SHHHHHHHHHHHHHHHHHHHHHHHHHHH  THHHHHHHHHHHHHHHHTT  ,12083.8,4,76,NA,NA,15,14,-0.653,71.2,6.49,Multi,9.28188,6,5.37,10,7.5,NA,NA,Marianayagam,2002,http://www-jackson.ch.cam.ac.uk/research/Protein_Folding/GFP.html
1AVZ,C,FYN TYROSINE KINASE,57,TLFVALYDYEARTEDDLSFHKGEKFQILNSSEGDWWEARSLTTGETGYIPSNYVAPV,B,   EESS B   STTB  B TT B  EEE TTSSEEEEE TTT  EEEEEGGGEE  ,6519.1,NA,NA,5,17,10,4,-0.502,70.18,4.31,Two,16.2796,6,4.88,25,7,NA,NA,Maxwell,2005,http://www-dobson.ch.cam.ac.uk/mediawiki
1AYI,A,COLICIN E IMMUNITY PROTEIN 7,87,MELKNSISDYTEAEFVQLLKEIEKENVAATDDVLDVLLEHFVKITEHPDGTDLIYYPSDNRDDSPEGIVKEIKEWRAANGKPGFKQG,A,    SSGGG  HHHHHHHHHHHHHHHTSSSSHHHHHHHHHHHHHH  TTTTHHHHS  TTS  SHHHHHHHHHHHHHHTT       ,9894.9,4,47,NA,NA,20,10,-0.675,84.02,4.46,Two,8.60514,6,7.2,25,7,NA,NA,Maxwell,2005,http://www.astbury.leeds.ac.uk/bmbsgi10/serres.php
1B9C,A,PROTEIN (GREEN FLUORESCENT PROTEIN),238,ASKGEELFTGVVPILVELDGDVNGHKFSVSGEGEGDATYGKLTLKFICTTGKLPVPWPTLVTTFGYGVQCFSRYPDHMKQHDFFKSAMPEGYVQERTISFKDDGNYKTRAEVKFEGDTLVNRIELKGIDFKEDGNILGHKLEYNYNSHNVYITADKQKNGIKANFKIRHNIEDGSVQLADHYQQNTPIGDGPVLLPDNHYLSTQSALSKDPNEKRDHMVLLEFVTAAGITHGMDELYK,A+B,    GGGSSSEEEEEEEEEEEETTEEEEEEEEEEEETTTTEEEEEEEETTSS SS GGGGTTT   GGGSB  GGGTTS HHHHTTTT EEEEEEEEETTS EEEEEEEEEEETTEEEEEEEEEEES  SSSTTTTT B S    EEEEEEEETTTTEEEEEEEEEEEBTTS EEEEEEEEEEEE SSS      SEEEEEEEEEE  TT  SSEEEEEEEEEEES            ,26677.9,1,4,11,115,34,26,-0.556,74.5,5.67,Multi,29.0135,6,-1.59,25,7.5,NA,NA,Enoki,2004,https://www.ims.ac.jp/english/know_en/bio/kuwajima/kuwajima_en.html
1BA5,A,HTRF1,53,RKRQAWLWEEDKNLRSGVRKYGEGNWSKILLHYKFNNRTSVMLKDRWRTMKKL,A,  S    HHHHHHHHHHHHHH TT HHHHHHHS  SS  SHHHHHHHHHHHH ,6652.7,3,33,NA,NA,5,15,-1.283,64.34,10.79,Two,6.07774,6,5.91,25,5.7,NA,NA,Gianni,2003,http://www2.mrc-lmb.cam.ac.uk/groups/fersht/
1BD8,A,P19INK4D CDK4/6 INHIBITOR,156,RAGDRLSGAAARGDVQEVRRLLHRELVHPDALNRFGKTALQVMMFGSTAIALELLKQGASPNVQDTSGTSPVHDAARTGFLDTLKVLVEHGADVNVPDGTGALPIHLAVQEGHTAVVSFLAAESDLHRRDARGLTPLELALQRGAQDLVDILQGHM,A+B, HHHHHHHHHHHT HHHHHHHHHTT   TT   TTS  HHHHS TT HHHHHHHHHTT  TT   TTS  HHHHHHHTT HHHHHHHHHTT  S    TTS  HHHHHHHHT HHHHHHHHTTS TT   TTS  HHHHHHHS  HHHHHHHHTT ,16604.8,10,80,NA,NA,19,15,-0.096,101.35,6.04,Multi,8.01916,6,2.95,15,7.4,NA,NA,LÃ¶w,2007,
1BF4,A,PROTEIN (CHROMOSOMAL PROTEIN SSO7D),63,ATVKFKYKGEEKEVDISKIKKVWRVGKMISFTYDEGGGKTGRGAVSEKDAPKELLQMLEKQKK,B, EEEEEETTEEEEEEGGGEEEEEEETTEEEEEEE GGG EEEEEEETTT  HHHHHHHHH   ,7148.3,1,9,5,33,10,16,-0.91,64.92,9.66,Two,1.0011,6,6.95,20,6.1,NA,NA,Guerois,2000,http://sb.crg.es/serrano_lab/
1BFE,A,PSD-95,119,GSPEFLGEEDIPREPRRIVIHRGSTGLGFNIIGGEDGEGIFISFILAGGPADLSGELRKGDQILSVNGVDLRNASHEQAAIALKNAGQTVTIIAQYKPEEYSRFEANSRVNSSGRIVTN,B,             S EEEEEE TTS  SEEEEE STT  EEEEEE TTSHHHHHT   TTEEEEEETTEE TT  HHHHHHHHHHS SEEEEEEEE HHHHHTTSTTEEE TTS EEE ,12736.1,3,20,8,39,16,12,-0.308,91.01,5.14,Multi,15.6638,6,3,25,2.85,NA,NA,Calosci,2008,http://katalog.uu.se/empinfo/?languageId=1&id=N94-2136
1BNI,A,BARNASE,110,AQVINTFDGVADYLQTYHKLPDNYITKSEAQALGWVASKGNLADVAPGKSIGGDIFSNREGKLPGKSGRTWREADINYTSGFRNSDRILYSSDWLIYKTTDHYQTFTKIR,A+B,     SHHHHHHHHHHHSS  TTEE HHHHHHTT  GGGT HHHHSTT EEEEEEE  TT  S   TT  EEEEE S  SSS  S EEEEETT  EEEESSSSS  EE  ,12382.7,3,21,6,25,12,14,-0.643,71,8.88,Multi,12.2592,6,2.56,25,6.3,NA,NA,Matouschek,1990,http://www2.mrc-lmb.cam.ac.uk/groups/fersht/
1BNZ,A,DNA-BINDING PROTEIN 7A,64,MATVKFKYKGEEKEVDISKIKKVWRVGKMISFTYDEGGGKTGRGAVSEKDAPKELLQMLEKQKK,B,  EEEEEETTEEEEEEGGGEEEEEEETTEEEEEEE STT EEEEEEEGGG  HHHHHHHHHH  ,7279.5,1,10,5,33,10,16,-0.866,63.91,9.66,Two,1.00205,6,6.95,20,6.1,NA,NA,Guerois,2000,http://sb.crg.es/serrano_lab/
1BRS,D,BARSTAR,89,KKAVINGEQIRSISDLHQTLKKELALPEYYGENLDALWDALTGWVEYPLVLEWRQFEQSKQLTENGAESVLQVFREAKAEGADITIILS,A/B, EEEEEGGG  SHHHHHHHHHHHTT  TT   SHHHHHHHHHHT  SSEEEEEESHHHHHHH    HHHHHHHHHHHHHTT  EEEEE ,10147.4,4,41,3,16,15,9,-0.327,104.16,4.66,Multi,11.9591,6,3.47,25,8,NA,NA,Schreiber,1993,http://www2.mrc-lmb.cam.ac.uk/groups/fersht/
1C9O,A,COLD-SHOCK PROTEIN,66,MQRGKVKWFNNEKGYGFIEVEGGSDVFVHFTAIQGEGFKTLEEGQEVSFEIVQGNRGPQAANVVKL,B, EEEEEEEEETTTTEEEEEETTEEEEEEEGGGB SSS     TT EEEEEEEEETTEEEEEEEEE ,7333.2,NA,NA,5,40,9,7,-0.405,69.24,5.25,Two,11.8525,6,7.22,25,7,NA,NA,Perl,1998,http://www.biochemie3.uni-bayreuth.de/en/index.html
1CDC,A,CD2,99,RDSGTVWGALGHGINLNIPNFQMTDDIDEVRWERGSTLVAEFKRKMKPFLKSGAFEILANGDLKIKNLTRDDSGTYNVTVYSTNGTRILDKALDLRILE,B,    EEEEETTS EEE  TT    TTEEEEEEEETTEEEEEEES SS  B  TTEEE TTS EEESS  GGG EEEEEEEEETTSBEEEEEEEEEEE  ,11143.6,NA,NA,8,49,14,14,-0.419,90.61,6.8,Two,5.90958,6,1.79,25,7,NA,NA,Parker,1997,http://www.bristol.ac.uk/biochemistry/cpfg/people/clarke.htm
1CSP,A,COLD SHOCK PROTEIN B(CSPB),67,MLEGKVKWFNSEKGFGFIEVEGQDDVFVHFSAIQGEGFKTLEEGQAVSFEIVEGNRGPQAANVTKEA,B, EEEEEEEEETTTTEEEEE TTS  EEEEGGGB SSSS    TT EEEEEEEEETTEEEEEEEEE  ,7365.1,NA,NA,5,36,12,6,-0.337,66.87,4.54,Two,10.9846,6,6.54,25,7,NA,NA,Perl,1998,http://www.biochemie3.uni-bayreuth.de/en/index.html
1CUN,A_c_fragment,PROTEIN (ALPHA SPECTRIN),101,ANVEEEEAWINEKMTLVASEDYGDTLAAIQGLLKKHEAFETDFTVHKDRVNDVCANGEDLIKKNNHHVENITAKMKGLKGKVSDLEKAAAQRKAKLDENSA,A,HHHHHHHHHHHHHHHHHT     SSHHHHHHHHHHHHHHHHHHHHHHHHHHHHHHHHHHHHHH  TTHHHHHHHHHHHHHHHHHHHHHHHHHHHHHHHHH ,11221.5,3,88,NA,NA,20,15,-0.738,79.31,5.34,Two,11.4933,6,3.4,25,7,113,219,Scott,2004,http://www-clarke.ch.cam.ac.uk/
1CUN,A_n_fragment,PROTEIN (ALPHA SPECTRIN),106,RDMDDEESWIKEKKLLVSSEDYGRDLTGVQNLRKKHKRLEAELAAHEPAIQSVLDTGKKLSDDNTIGKEEIQQRLAQFVDHWKELKQLAAARGQRLEESLEYQQFV,A,HHHHHHHHHHHHHHHHTT     SSHHHHHHHHHHHHHHHHHHHHHHHHHHHHHHHHHHHHHTT TTHHHHHHHHHHHHHHHHHHHHHHHHHHHHHHHHHHHHHHH,12348.8,3,92,NA,NA,22,18,-0.982,83.77,5.42,Two,11.4933,6,4.83,25,7,7,112,Scott,2004,http://www-clarke.ch.cam.ac.uk/
1DIV,A_c_fragment,RIBOSOMAL PROTEIN L9,149,MKVIFLKDVKGKGKKGEIKNVADGYANNFLFKQGLAIEATPANLKALEAQKQKEQRQAAEELANAKKLKEQLEKLTVTIPAKAGEGGRLFGSITSKQIAESLQAQHGLKLDKRKIELADAIRALGYTNVPVKLHPEVTATLKVHVTEQK,A+B, EEEE SBSSSBGGGTEEEE  TTHHHHTTTTTTSEEE  HHHHHHHHHHHHHHHHHHHHHHHHHHHHHHHHTT  EEEEE B GGGEEEEEE HHHHHHHHHHHH     GGGB   S EEESEEEEEEEEEETTEEEEEEEEEEE  ,16311,3,48,8,46,17,27,-0.46,95.7,9.75,Two,10.2599,6,3.27,25,8,NA,NA,Maxwell,2005,http://www.chem.stonybrook.edu/faculty/raleigh.shtml
1DIV,A_n_fragment,RIBOSOMAL PROTEIN L9,149,MKVIFLKDVKGKGKKGEIKNVADGYANNFLFKQGLAIEATPANLKALEAQKQKEQRQAAEELANAKKLKEQLEKLTVTIPAKAGEGGRLFGSITSKQIAESLQAQHGLKLDKRKIELADAIRALGYTNVPVKLHPEVTATLKVHVTEQK,A+B, EEEE SBSSSBGGGTEEEE  TTHHHHTTTTTTSEEE  HHHHHHHHHHHHHHHHHHHHHHHHHHHHHHHHTT  EEEEE B GGGEEEEEE HHHHHHHHHHHH     GGGB   S EEESEEEEEEEEEETTEEEEEEEEEEE  ,16311,3,48,8,46,17,27,-0.46,95.7,9.75,Two,10.2599,6,6.55,25,7,NA,NA,Maxwell,2005,http://www.chem.stonybrook.edu/faculty/raleigh.shtml
1E0G,A,MEMBRANE-BOUND LYTIC MUREIN TRANSGLYCOSYLASE D,48,DSITYRVRKGDSLSSIAKRHGVNIKDVMRWNSDTANLQPGDKLTLFVK,A+B,   EEEE TT  HHHHHHHHT  HHHHHHH S GGG  TTEEEE    ,5432.2,2,15,2,8,5,9,-0.615,85.21,9.99,Two,9.70011,6,7,10.5,7,NA,NA,Nickson,2008,http://www-clarke.ch.cam.ac.uk/
1E0L,A,FORMIN BINDING PROTEIN,37,GATAVSEWTEYKTADGKTYYYNNRTLESTWEKPQELK,B,  SSS S EEEE TTS EEEEETTTTEEESS  SS  ,4359.7,NA,NA,3,12,6,5,-1.341,37.03,5.11,Two,6.21919,6,10.62,25,7,NA,NA,Ferguson,2001,http://www2.mrc-lmb.cam.ac.uk/groups/fersht/
1E0M,A,WWPROTOTYPE,37,SMGLPPGWDEYKTHNGKTYYYNHNTKTSTWTDPRMSS,Designed proteins,   S TTEEEEE SS  EEEEETTTTEEESS TTT  ,4352.7,NA,NA,3,13,3,4,-1.524,10.54,8.08,Two,6.34908,6,8.85,25,7,NA,NA,Ferguson,2001,http://www2.mrc-lmb.cam.ac.uk/groups/fersht/
1E41,A,FADD PROTEIN,12,QQARDLQNRSGA,A,HHHHHTTTT   ,1343.4,1,5,NA,NA,1,2,-1.692,49.17,9.6,Two,7.82324,6,6.87,25,7,93,192,Steward,2009,http://www-clarke.ch.cam.ac.uk/
1E65,A,AZURIN,128,AECSVDIQGNDQMQFNTNAITVDKSCKQFTVNLSHPGNLPKNVMGHNWVLSTAADMQGVVTDGMASGLDKDYLKPDDSRVIAHTKLIGSGEKDSVTFDVSKLKEGEQYMFFCTFPGHSALMKGTLTLK,B, TTEEEEEB TTS BS SEEEE TT SEEEEEEE  SS  HHHH B  EEEEHHHHHHHHHHHHHH GGGTTS TT TT SEE   B TT EEEEEEEGGG  TT  EEEE  STTTTTTSEEEEEE ,13945.8,2,18,8,39,15,12,-0.322,70.78,5.72,Two,20.6821,6,4.91,25,7,NA,NA,Maxwell,2005,http://www.chemistry.umu.se/english/research/group-leaders/pernilla-wittung-stafshede/
1EAL,A,ILEAL LIPID BINDING PROTEIN,127,AFTGKYEIESEKNYDEFMKRLALPSDAIDKARNLKIISEVKQDGQNFTWSQQYPGGHSITNTFTIGKECDIETIGGKKFKATVQMEGGKVVVNSPNYHHTAEIVDGKLVEVSTVGGVSYERVSKKLA,B,   EEEEEEEES TTHHHHHHT  HHHHHHHTT  EEEEEEESSSEEEEEEE SSS EEEEEEESSS EEEE SSS EEEE  EE SSEEEE  TT EEEEEEETTEEEEEEEETTEE  EEEEE  ,14073.8,2,13,12,65,17,17,-0.532,73.62,7.06,Multi,17.1503,6,0.365,25,8,NA,NA,Dalessio,2000,
1EHB,A,PROTEIN (CYTOCHROME B5),82,AVKYYTLEEIQKHNNSKSTWLILHYKVYDLTKFLEEHPGGEEVLREQAGGDATENFEDVGHSTDARELSKTFIIGELHPDDR,A+B,   EE HHHHTT BSSS BEEEETTEEEE TTTTTT TT SHHHHTTTTSB HHHHHHTT  HHHHHHHGGGEEEEE GGG ,9461.4,4,21,4,15,17,9,-0.832,76.1,4.94,Two,11.621,6,2.97,10,7,NA,NA,Manyusa,1999,
1ENH,A,ENGRAILED HOMEODOMAIN,54,RPRTAFSSEQLARLKREFNENRYLTERRRQQLSSELGLNEAQIKIWFQNKRAKI,A,       HHHHHHHHHHHHH SS  HHHHHHHHHHHT  HHHHHHHHHHHHHH ,6606.5,3,38,NA,NA,6,13,-1.213,72.41,11.22,Multi,7.36189,6,10.59,25,5.7,NA,NA,Gianni,2003,http://www2.mrc-lmb.cam.ac.uk/groups/fersht/
1FEX,A,TRF2-INTERACTING TELOMERIC RAP1 PROTEIN,59,GRIAFTDADDVAILTYVKENARSPSSVTGNALWKAMEKSSLTQHSWQSLKDRYLKHLRG,A,      HHHHHHHHHHHHHT  STTTTTSSHHHHHHHHS SSS  SHHHHHHHHHHT  ,6649.5,3,31,NA,NA,6,9,-0.586,77.8,9.6,Two,6.59732,6,8.19,25,5.7,NA,NA,Gianni,2003,http://www2.mrc-lmb.cam.ac.uk/groups/fersht/
1FKF,A,FK506 BINDING PROTEIN,107,GVQVETISPGDGRTFPKRGQTCVVHYTGMLEDGKKFDSSRDRNKPFKFMLGKQEVIRGWEEGVAQMSVGQRAKLTISPDYAYGATGHPGIIPPHATLVFDVELLKLE,A+B, EEEEEEE   SS    TTSEEEEEEEEEETT  EEEESGGGT  EEEETTSS S HHHHHHHTT  TT EEEEEE GGGTTTTT BTTTB TT  EEEEEEEEEE ,11819.5,1,7,6,41,13,14,-0.433,72.8,8.08,Two,18.8456,6,1.6,25,7,NA,NA,Maxwell,2005,http://www-jackson.ch.cam.ac.uk/research/Protein_Folding/GFP.html
1FMK,A,TYROSINE-PROTEIN KINASE SRC,452,MVTTFVALYDYESRTETDLSFKKGERLQIVNNTEGDWWLAHSLSTGQTGYIPSNYVAPSDSIQAEEWYFGKITRRESERLLLNAENPRGTFLVRESETTKGAYCLSVSDFDNAKGLNVKHYKIRKLDSGGFYITSRTQFNSLQQLVAYYSKHADGLCHRLTTVCPTSKPQTQGLAKDAWEIPRESLRLEVKLGQGCFGEVWMGTWNGTTRVAIKTLKPGTMSPEAFLQEAQVMKKLRHEKLVQLYAVVSEEPIYIVTEYMSKGSLLDFLKGETGKYLRLPQLVDMAAQIASGMAYVERMNYVHRDLRAANILVGENLVCKVADFGLARLIEDNEYTARQGAKFPIKWTAPEAALYGRFTIKSDVWSFGILLTELTTKGRVPYPGMVNREVLDQVERGYRMPCPPECPESLHDLMCQCWRKEPEERPTFEYLQAFLEDYFTSTEPQYQPGENL,B,  EEEEESS B   SSSB  B TT EEEES   SSSEEEEEETTT  EEEEEGGGEEETTSGGGSTTEEET  HHHHHHHHT TTS TTEEEEEE SSSTT EEEEEEEEETTTEEEEEEEEEEE TTS EESSTTSEESSHHHHHHHHTT  TTSSS   EE        SSSSTT SB  GGGEEEEEEEEE SS EEEEEEETTTEEEEEEE  TTSS HHHHHHHHHHHHH   TTB  EEEEE SSS EEEE   TT BHHHHHSHHHHTT  HHHHHHHHHHHHHHHHHHHHTT   S  SGGGEEE GGG EEE    TT                 GGGS HHHHHH    HHHHHHHHHHHHHHHHTTT  SSTT  HHHHHHHHHTT      TTS HHHHHHHHHHT SSGGGS  HHHHHHHHHTTTS S      S   ,51569.7,11,108,19,96,57,53,-0.419,77.88,6.09,Two,21.0418,6,4.04,21.85,6,NA,NA,Grantcharova,1997,http://www.bakerlab.org
1FNF,A,FIBRONECTIN,368,PLSPPTNLHLEANPDTGVLTVSWERSTTPDITGYRITTTPTNGQQGNSLEEVVHADQSSCTFDNLSPGLEYNVSVYTVKDDKESVPISDTIIPAVPPPTDLRFTNIGPDTMRVTWAPPPSIDLTNFLVRYSPVKNEEDVAELSISPSDNAVVLTNLLPGTEYVVSVSSVYEQHESTPLRGRQKTGLDSPTGIDFSDITANSFTVHWIAPRATITGYRIRHHPEHFSGRPREDRVPHSRNSITLTNLTPGTEYVVSIVALNGREESPLLIGQQSTVSDVPRDLEVVAATPTSLLISWDAPAVTVRYYRITYGETGGNSPVQEFTVPGSKSTATISGLKPGVDYTITVYAVTGRGDSPASSKPISINYRT,B,     EEEEEEE SSSS EEEEEE  S SS  EEEEEEEETTT SS  EEEEE TT  EEE     TTS EEEEEEEEETTEE   EEEEE       EEEEEES  SS EEEEEE  TT   SEEEEEEEETT TT  EEEEE TT  EEEE S  TT EEEEEEEEEETTEE   EEEEEE      EEEEEES  SSEEEEEEE  SS  SEEEEEEE S  SS  EEEEEETT  EEEEES  TT EEEEEEEEEETTEE   EEEEEE    S EEEEEEEEETTEEEEEEE  SS  SEEEEEEEETT  S  EEEEEETT  EEEE S  TT  EEEEEEEE   SSS  B   EEEEE  ,39946.4,NA,NA,31,188,41,27,-0.346,82.01,4.99,Multi,16.6891,6,-0.91,25,5.2,1326,1415,Plaxco,1997,
1FTG,A,APOFLAVODOXIN,168,KKIGLFYGTQTGKTESVAEIIRDEFGNDVVTLHDVSQAEVTDLNDYQYLIIGCPTWNIGELQSDWEGLYSELDDVDFNGKLVAYFGTGDQIGYADNFQDAIGILEEKISQRGGKTVGYWSTDGYDFNDSKALRNGKFVGLALDEDNQSDLTDDRIKSWVAQLKSEFGL,A/B,  EEEEE  SSSHHHHHHHHHHHHH TT EEEEEGGG  GGGGGG SEEEEE     TTS  HHHHHHHTTGGGS  TT EEEEEEE  TTTTTTTTTHHHHHHHHHHHHTT EE   EE TT   S  TTB SSEESSEEE TTT TTTHHHHHHHHHHHHHHHTT ,18745.5,4,47,8,31,31,14,-0.468,82.38,4.17,Two,16.1691,6,2.34,25,7,NA,NA,Bueno,2006,http://bifi.es/en/people/62-english-categories/research/biophysics/protein-folding-and-molecular-design-biophysics-frontpage/protein-folding-and-molecular-design-biophysics
1G6P,A,COLD SHOCK PROTEIN TMCSP,66,MRGKVKWFDSKKGYGFITKDEGGDVFVHWSAIEMEGFKTLKEGQVVEFEIQEGKKGPQAAHVKVVE,B,  EEEEEEETTTTEEEEEETTS B BB SSSS  SS     SSSEEEEEEE SSS  EEEEEEEE ,7472.5,NA,NA,4,28,11,11,-0.547,63.33,6.73,Two,12.0121,6,6.34,25,7,NA,NA,Perl,1998,http://www.biochemie3.uni-bayreuth.de/en/index.html
1GM1,A,PROTEIN TYROSINE PHOSPHATASE,86,ELAKTDGSLGISVTGGVNTSVRHGGIYVKAIIPKGAAESDGRIHKGDRVLAVNGVSLEGATHKQAVETLRNTGQVVHLLLEKGQVP,B,EEE BTTB  EEEEEESSSS SS EEEEEEE TT HHHHH SS TT EEEEETTEE TT  HHHHHHHHHT  SEEEEEEEE S  ,8878.1,2,14,6,31,8,10,-0.109,104.19,9.23,Multi,16.7811,6,1.04,25,7,9,102,Gianni,2005,
1GXT,A,HYDROGENASE MATURATION PROTEIN HYPF,91,MAKNTSCGVQLRIRGKVQGVGFRPFVWQLAQQLNLHGDVCNDGDGVEVRLREDPEVFLVQLYQHCPPLARIDSVEREPFIWSQLPTEFTIR,A+B,     EEEEEEEEEEE SSSSHHHHHHHHHHHHT  EEEEE SSSEEEEESS  HHHHHHHHHT  TT EEEEEEEEEEEESS  SSEEE ,10449.9,2,21,5,36,11,10,-0.266,90.88,6.06,Multi,18.5621,6,4.38,28,5.5,NA,NA,Calloni,2003,http://www.fabriziochiti.it/
1HCD,A,HISACTOPHILIN,118,MGNRAFKSHHGHFLSAEGEAVKTHHGHHDHHTHFHVENHGGKVALKTHCGKYLSIGDHKQVYLSHHLHGDHSLFHLEHHGGKVSIKGHHHHYISADHHGHVSTKEHHDHDTTFEEIII,B, B SEEESSTT EEEEETTEEEEE S SS     EEEEETTEEEEESSSS EEEEEETTEEEEE   SSSSSSBEEEEETTEEEEE STT EEEE GGG EEEESS SSTT BEEE  ,13455.7,NA,NA,12,55,13,10,-0.918,61.95,6.89,Multi,13.3222,6,4.6,20,7.7,NA,NA,Liu,2001,http://www.science.uwaterloo.ca/~meiering/
1HEL,A,HEN EGG WHITE LYSOZYME,129,KVFGRCELAAAMKRHGLDNYRGYSLGNWVCAAKFESNFNTQATNRNTDGSTDYGILQINSRWWCNDGRTPGSRNLCNIPCSALLSSDITASVNCAKKIVSDGNGMNAWVAWRNRCKGTDVQAWIRGCRL,A+B, B  HHHHHHHHHHTT TTBTTB HHHHHHHHHHHHTTBTT EEE TTS EEETTTTEETTTT B S  TT   TT SBGGGGGSSS HHHHHHHHHHHHTSSGGGGSHHHHHHTTTS GGGGGTT   ,14313.1,4,40,3,8,9,17,-0.472,65.12,9.32,Multi,13.9858,6,6.1,20,5.2,NA,NA,Kiefhaber,1995,http://www.biopc.ch.tum.de/
1HMK,A,PROTEIN (ALPHA-LACTALBUMIN),124,MEQLTKCEVFQKLKDLKDYGGVSLPEWVCTAFHTSGYDTQAIVQNNDSTEYGLFQINNKIWCKDDQNPHSRNICNISCDKFLDDDLTDDIVCAKKILDKVGINYWLAHKALCSEKLDQWLCEKL,A+B,  B  HHHHHHHTGGGTTBTTB HHHHHHHHHHHHTTBTT EEE SS EEETTTTEETTTT B SS TTS  TT SBGGGGSSS THHHHHHHHHHHHHT THHHHTT   SSS GGGG     ,14325.2,4,36,3,8,20,14,-0.465,84.11,4.92,Multi,12.2355,6,2.8,25,7,NA,NA,Yoda,2001,https://www.ims.ac.jp/english/know_en/bio/kuwajima/kuwajima_en.html
1HRC,A,CYTOCHROME C,105,XGDVEKGKKIFVQKCAQCHTVEKGGKHKTGPNLHGLFGRKTGQAPGFTYTDANKNKGITWKEETLMEYLENPKKYIPGTKMIFAGIKKKTEREDLIAYLKKATNE,A,   HHHHHHHHHHHTTTT   STT    SS   TT TTSBTT  TT    HHHHH   B SHHHHHHHTT HHHHSTT S       SHHHHHHHHHHHHHHHH ,11812.8,5,43,NA,NA,12,21,-0.893,58.57,9.59,Multi,11.6635,6,8.5,22.5,7,NA,NA,Mines,1996,
1HRC,A,CYTOCHROME C,105,XGDVEKGKKIFVQKCAQCHTVEKGGKHKTGPNLHGLFGRKTGQAPGFTYTDANKNKGITWKEETLMEYLENPKKYIPGTKMIFAGIKKKTEREDLIAYLKKATNE,A,   HHHHHHHHHHHTTTT   STT    SS   TT TTSBTT  TT    HHHHH   B SHHHHHHHTT HHHHSTT S       SHHHHHHHHHHHHHHHH ,11812.8,5,43,NA,NA,12,21,-0.893,58.57,9.59,Two,11.6635,6,8,20,7,NA,NA,Chan,1997,
1I1B,A,INTERLEUKIN-1 BETA,153,APVRSLNCTLRDSQQKSLVMSGPYELKALHLQGQDMEQQVVFSMSFVQGEESNDKIPVALGLKEKNLYLSCVLKDDKPTLQLESVDPKNYPKKKMEKRFVFNKIEINNKLEFESAQFPNWYISTSQAENMPVFLGGTKGGQDITDFTMQFVSS,B,   EEEEEEEEETT  EEEE STT EEEE   SGGGGGS  EEEEE SS   SSEEEEEEEETTSSEEEEEEESSSSEEEEEEE  TTT S SS  GGGEEEEEEETTEEEEEESSSTT EEEB SSTTEE EEES  SSSSB  EEEEE   ,17376.8,NA,NA,13,70,19,18,-0.499,75.1,5.91,Multi,18.7118,6,-4,NA,7,NA,NA,Finke,2002,http://jenningslab.ucsd.edu/publications.html
1IDY,A,MOUSE C-MYB DNA-BINDING DOMAIN REPEAT 3,54,MEVKKTSWTEEEDRILYQAHKRLGNRWAEIAKLLPGRTDNAIKNHWNSTMRRKV,A,         HHHHHHHHHHHHHT S HHHHHHHS S  HHHHHHHHHHTGGG  ,6507.4,3,30,NA,NA,7,12,-1.139,68.7,10.11,Two,5.65394,6,8.73,25,5.7,NA,NA,Gianni,2003,http://www2.mrc-lmb.cam.ac.uk/groups/fersht/
1IMQ,A,IM9,86,MELKHSISDYTEAEFLQLVTTICNADTSSEEELVKLVTHFEEMTEHPSGSDLIYYPKEGDDDSPSGIVNTVKQWRAANGKSGFKQG,A,    SSTTTS HHHHHHHHHHHHTT SSSHHHHHHHHHHHHHHH  SSTTHHHH   TTS   SHHHHHHHHHHHHHHT       ,9582.5,4,45,NA,NA,16,7,-0.638,66.86,4.53,Two,11.0259,6,7.33,25,7,NA,NA,Maxwell,2005,http://www.astbury.leeds.ac.uk/bmbsgi10/serres.php
1J5U,A,archease  possible chaperone,136,MGSDKIHHHHHHMRKPIEHTADIAYEISGNSYEELLEEARNILLEEEGIVLDTEEKEKMYPLEETEDAFFDTVNDWILEISKGWAPWRIKREGNELKVTFRKIRKKEGTEIKALTYHLLKFERDGDVLKTKVVFDT,A+B,                   S  EEEEEEESSHHHHHHHHHHHHHHHHT EEEEEEEEEEEE   SHHHHHHHHHHHHHHHHTTEEEEEEEEETTEEEEEEEEEEE  S    EE STT   EEETTEEEEEEEEE ,16120.2,2,32,7,53,30,21,-0.771,83.16,5.38,Two,19.6181,6,6.85,25,7,NA,NA,Maxwell,2005,http://individual.utoronto.ca/davidsonlab/
1JMQ,A,WW Domain Binding Protein-1,46,FEIPDDVPLPAGWEMAKTSSGQRYFKNHIDQTTTWQDPRKAMLSQM,B,    SS    TTB  B  SS   BEEETTTTEEESS TTTSSS   ,5354,NA,NA,2,6,6,5,-0.878,46.74,5.55,Two,7.73306,6,8.37,25,7,5,44,Ferguson,2001,http://www2.mrc-lmb.cam.ac.uk/groups/fersht/
1JO8,A,ACTIN BINDING PROTEIN,58,PWATAEYDYDAAEDNELTFVENDKIINIEFVDDDWWLGELEKDGSKGLFPSNYVSLGN,B,  EEESS B   STTB  B TT EEEEEE  SSSEEEEEETTT  EEEEEGGGEEE  ,6660.1,NA,NA,5,23,15,3,-0.624,75.69,3.68,Two,11.2729,6,2.46,25,7,NA,NA,Maxwell,2005,http://individual.utoronto.ca/davidsonlab/
1JON,A,GROEL  HSP60 CLASS,155,EGMQFDRGYLSPYFINKPETGAVELESPFILLADKKISNIREMLPVLEAVAKAGKPLLIIAEDVEGEALATLVVNTMRGIVKVAAVKAPGFGDRRKAMLQDIATLTGGTVISEEIGMELEKATLEDLGQAKRVVINKDTTTIIDGVGEEAAIQGR,A/B,  EEES  BS GGG SBTTTTBEEEES EEEEEEEEE  HHHHHHHHHHHHHHT  EEEEEEEE HHHHHHHHHHHHHTS  EEEEE SS HHHHHHHHHHHHHHHT  B        GGG  GGG EEEEEEEE SS EEEEEE          ,16624.2,3,42,7,43,24,18,0.072,108.26,4.82,Multi,22.9564,6,0.83,25,7,NA,NA,Golbik,1998,http://www2.mrc-lmb.cam.ac.uk/groups/fersht/
1JOO,A,staphylococcal nuclease,149,ATSTKKLHKEPATLIKAIDGDTVKLMYKGQPMTFRLLLVDTPETKHPKKGVEKYGPEASAFTKKMVENAKKIEVEFDKGQRTDKYGRGLAYIYADGKMVNEALVRQGLAKVAYVYKPNNTHEQLLRKSEAQAKKEKLNIWSEDNADSGQ,B,  SS S   EE EEEEE SSSEEEEEETTEEEEEEETT B   SSS SS  SSSSSSHHHHHHHHHHH SSEEEEE SS SB SSS EEEEEEETTEEHHHHHHHTTS B     TT  TTHHHHHHHHHHHHHHT GGGTT    S  ,16787.3,3,32,7,34,20,28,-0.814,71.41,9.48,Multi,12.4952,6,2.3,15,5.2,NA,NA,Maki,2004,http://www.fccc.edu/research/labs/roder/
1K0S,A,CHEMOTAXIS PROTEIN CHEW,151,MKTLADALKEFEVLSFEIDEQALAFDVDNIEMVIEKSDITPVPKSRHFVEGVINLRGRIIPVVNLAKILGISFDEQKMKSIIVARTKDVEVGFLVDRVLGVLRITENQLDLTNVSDKFGKKSKGLVKTDGRLIIYLDIDKIIEEITVKEGV,B,   S    SEEEEEEEEETTEEEEE TTTEEEEEE  S SSTT  SSS  EEEEETTEEEEEE HHHHH SS SSSS  EEEEEE SS EEEEEESEEEEEEEEE  S SSS    SSTTSSSEEEEETTEEEEEE SHHHHHHHHHTTT ,16954.8,2,14,10,63,26,22,0.115,123.77,5.15,Two,19.4299,6,7.44,25,7,NA,NA,Maxwell,2005,http://zebra.berkeley.edu/
1K85,A,CHITINASE A1,88,HMAPTAPTNLASTAQTTSSITLSWTASTDNVGVTGYDVYNGTALATTVTGTTATISGLAADTSYTFTVKAKDAAGNVSAASNAVSVKT,B,  S    EEEEEEEE SS EEEEEE  S  SSEEEEEEEESSSEEEEESSSEEEE    SS EEEEEEEEEETTTEE      EEEE ,8691.5,NA,NA,8,47,4,3,0.102,71.14,5.36,Two,16.3019,6,1.44,25,5,559,644,Lappalainen,2008,http://www-clarke.ch.cam.ac.uk/
1K8M,A,E2 component of Branched-Chain alpha-Ketoacid Dehydrogenase,93,MGQVVQFKLSDIGEGIREVTVKEWYVKEGDTVSQFDSICEVQSDKASVTITSRYDGVIKKLYYNLDDIAYVGKPLVDIETEALKDLEHHHHHH,B,    EEEE  SS TTS  EEEEEE   TT EE SSS  EEEE SS EEE   SS EEEEEE   SS EE TTSEEEEEE S  TTT       ,10646.9,NA,NA,8,33,17,10,-0.432,92.04,5.19,Two,16.1676,6,-0.71,22,7.5,NA,NA,Naik,2002,http://www.nmr.sinica.edu.tw/~thh/index.html
1L2Y,A,TC5b,20,NLYIQWLKDGGPSSGRPPPS,Designed proteins, HHHHHHHTTGGGGT     ,2169.4,1,7,NA,NA,1,2,-0.95,58.5,8.59,Two,4.08663,6,12.39,22.7,7,NA,NA,Qiu,2002,http://www.phys.ufl.edu/~hagen/
1L8W,A,VlsE1,348,MRGSHHHHHHGSSQVADKDDPTNKFYQSVIQLGNGFLDVFTSFGGLVAEAFGFKSDPKKSDVKTYFTTVAAKLEKTKTDLNSLPKEKSDISSTTGKPDSTGSVGTAVEGAIKEVSELLDKLVKAVKTAEGASSGTAAIGEVVADADAAKVADKASVKGIAKGIKEIVEAAGGSEKLKAVAAAKGENNKGAGKLFGKAGAAAHGDSEAASKAAGAVSAVSGEQILSAIVTAADAAEQDGKKPEEAKNPIAAAIGDKDGGAEFGQDEMKKDDQIAAAIALRGMAKDGKFAVKDGEKEKAEGAIKGAAESAVRKVLGAITGLIGDAVSSGLRKVGDSVKAASKETPPALNK,A,                                            HHHHHHTTS SS BHHHHHHHHHHHHHHHHHHHHHHTT                       HHHHHHHHHHHHHHHHHHHHHHHHHH    SBTT EE STTT     HHHHHHHHHHHHHHHHHH SS SSSS S    GGGGGGGGGGS  STT    HHHHHHHHHHHHTS HHHHHHHHHHHTT S  S   TTT  SHHHHHH  TT  SS  SSSSSSHHHHHHHHHHHHHSTT  EE  TTTHHHHHHHHHHHHHHHHHHHHHHHHHHHHHHHHHHHHHHHH               ,35124.4,9,154,2,4,49,49,-0.318,76.47,7.08,Two,24.8165,6,2.03,25,7,NA,NA,Maxwell,2005,http://www.chemistry.umu.se/english/research/group-leaders/pernilla-wittung-stafshede/
1LMB,3,PROTEIN (LAMBDA REPRESSOR),92,STKKKPLTQEQLEDARRLKAIYEKKKNELGLSQESVADKMGMGQSGVGALFNGINALNAYNAALLAKILKVSVEEFSPSIAREIYEMYEAVS,A,        HHHHHHHHHHHHHHHHHHHHHT  HHHHHHHHTS HHHHHHHHTTSS   HHHHHHHHHHHTS GGGT HHHHHHHHHHHTTT ,10123.6,5,59,NA,NA,12,13,-0.348,91.3,7.88,Two,1,6,10.38,25,8,NA,NA,Maxwell,2005,http://sosnick.uchicago.edu/people/trsosnick.html
1LOP,A,SUCCINYL-ALA-PRO-ALA-P-NITROANILIDE,164,MVTFHTNHGDIVIKTFDDKAPETVKNFLDYCREGFYNNTIFHRVINGFMIQGGGFEPGMKQKATKEPIKNEANNGLKNTRGTLAMARTQAPHSATAQFFINVVDNDFLNFSGESLQGWGYCVFAEVVDGMDEVDKIKGVATGRSGMHQDVPKEDVIIESVTVSE,B, EEEEETTEEEEEEE TTTSHHHHHHHHHHHHTTTTTTEE  EEETTTEEEESSEETTTEE      B     SS    TTEEEE   SSTT B S EEEESS  GGGS  SSSTTTS   EEEEEEE HHHHHHHHTS EEEETTEEEEESS  EEEEEEE  ,18183.4,2,20,13,56,22,16,-0.359,68.29,5.31,Two,25.1866,6,6.55,20,7,NA,NA,Ikura,2000,https://www.ims.ac.jp/english/know_en/bio/kuwajima/kuwajima_en.html
1M9S,A,Internalin B,605,MGETITVSTPIKQIFPDDAFAETIKDNLKKKSVTDAVTQNELNSIDQIIANNSDIKSVQGIQYLPNVTKLFLNGNKLTDIKPLTNLKNLGWLFLDENKIKDLSSLKDLKKLKSLSLEHNGISDINGLVHLPQLESLYLGNNKITDITVLSRLTKLDTLSLEDNQISDIVPLAGLTKLQNLYLSKNHISDLRALAGLKNLDVLELFSQECLNKPINHQSNLVVPNTVKNTDGSLVTPEIISDDGDYEKPNVKWHLPEFTNEVSFIFYQPVTIGKAKARFHGRVTQPLKEVYTVSYDVDGTVIKTKVEAGTRITAPKPPTKQGYVFKGWYTEKNGGHEWNFNTDYMSGNDFTLYAVFKAETTEKTVNLTRYVKYIRGNAGIYKLPREDNSLKQGTLASHRCKALTVDREARNGGKLWYRLKNIGWTKAENLSLDRYDKMEYDKGVTAYARVRNASGNSVWTKPYNTAGAKHVNKLSVYQGKNMRILREAKTPITTWYQFSIGGKVIGWVDTRALNTFYKQSMEKPTRLTRYVSANKAGESYYKVPVADNPVKRGTLAKYKNQKLIVDCQATIEGQLWYRIRTSSTFIGWTKAANLRAQKLEHHHHHH,B,     SS EEHHHH  SHHHHHHHHHHTT S TTSEE HHHHTT    B TT      TTGGG TT  EEE TTS     GGGGG TT  EEE  SS     TTSTT TT  EEE TTS     GGGGG TT SEEE  SS     GGGGS TT SEEE  SS     GGGTT TT  EEE  SS   B GGGTT TT SEEE  SEEEE       SS EEE   B SSS B   SEESTT EEETTEEE   SS  SEEEEEEEEEEEETTEEEEEEEEEEEE                                                                             S        STTTT EEESSSS  GGGEEEES TTTTS   B     BTTB EEEBTTS EEETTTS SS     S      EEEEES  TT EEBSSSSSSTT   EEEGGGG SS EEE   EE SS EEEEEEETTEEEEEEETTTEEEEEEGGG EEEEEEEEE TTTTTSEEESSSS  GGGEEEEGGGSTT  EEEEEEEEETTEEEEEEE SSSEEEEEEGGGEE           ,68522.2,3,18,35,152,61,85,-0.526,87.32,9.49,Two,14.083,6,3.98,25,7,NA,NA,Maxwell,2005,http://individual.utoronto.ca/davidsonlab/
1MJC,A,MAJOR COLD-SHOCK PROTEIN 7.4,69,SGKMTGIVKWFNADKGFGFITPDDGSKDVFVHFSAIQNDGYKSLDEGQKVSFTIESGAKGPAAGNVTSL,B,   EEEEEEEEETTTTEEEEEETTS   EEEEGGGB  TTT    TT EEEEEEE  SSS EEEEEEE ,7272,NA,NA,5,33,8,7,-0.283,62.17,5.57,Two,11.0152,6,5.29,25,7,NA,NA,Reid,1998,http://www.bidmc.org/CentersandDepartments/Departments/Surgery/Otolaryngology/~/media/Files/CentersandDepartments/Surgery/Otolaryngology/gregoret_resume_10_02_2013.pdf
1N88,A,Ribosomal protein L23,96,MKTAYDVILAPVLSEKAYAGFAEGKYTFWVHPKATKTEIKNAVETAFKVKVVKVNTLHVRGKKKRLGRYLGKRPDRKKAIVQVAPGQKIEALEGLI,A+B,  STTTTEEEE   HHHHHHHTTTEEEEEE TT  HHHHHHHHHHHT   EEEEEEEEE  SSSSTTTTSS S  EEEEEEEE TT   HHHHS  ,10736.7,3,22,4,27,8,21,-0.294,93.44,10.17,Two,14.1087,6,2.02,25,7,NA,NA,Maxwell,2005,
1NPS,A,DEVELOPMENT-SPECIFIC PROTEIN S,88,ANITVFYNEDFQGKQVDLPPGNYTRAQLAALGIENNTISSVKVPPGVKAILYQNDGFAGDQIEVVANAEELGPLNNNVSSIRVISVPV,B,  EEEEEETTTEEEEEEE SEEE HHHHHHTT  TT   EEE  TTEEEEEEEETTTEEEEEEESS BS  GGGTT   EEEEEE   ,9384.5,1,6,7,40,9,5,-0.043,102.95,4.4,Two,14.9868,6,3.04,20,7,NA,NA,Wenk,1998,
1NTI,A,Acyl-CoA-binding protein,86,SQAEFDKAAEEVKHLKTKPADEEMLFIYSHYKQATVGDINTERPGMLDFKGKAKWDAWNELKGTSKEDAMKAYIDKVEELKKKYGI,A,  HHHHHHHHHHTT SS   HHHHHHHHHHHHHHHT S  S   SS  STHHHHHHHHHTTTTS HHHHHHHHHHHHHHHHHHH  ,9913.2,4,53,NA,NA,17,16,-0.935,61.4,6.11,Two,11.8546,6,6.96,25,7,NA,NA,Maxwell,2005,
1O6X,A,PROCARBOXYPEPTIDASE A2,81,MRSLETFVGDQVLEIVPSNEEQIKNLLQLEAQEHLQLDFWKSPTTPGETAHVRVPFVNVQAVKVFLESQGIAYSIMIEDVQ,A+B,         EEEEEE   SHHHHHHHHHHHHSTTT   BSS TTSTTS EEEEEEGGGHHHHHHHHHHTT  EEE      ,9210.4,2,22,3,15,12,5,-0.088,103.33,4.51,Two,11.6155,6,6.8,25,7,NA,NA,Maxwell,2005,http://sb.crg.es/serrano_lab/
1PBA,A,PROCARBOXYPEPTIDASE B,81,HHSGEHFEGEKVFRVNVEDENDISELHELASTRQIDFWKPDSVTQIKPHSTVDFRVKAEDILAVEDFLEQNELQYEVLINN,A+B,  SSSS       EEEE SHHHHHHHHHHHHT SS   SS  GGG  SSEEE      SSHHHHHHHHHTTT SEE S   ,9506.3,2,21,3,9,19,7,-0.705,85.31,4.54,Two,12.1838,6,6.8,25,7,NA,NA,Villegas,1995,http://sb.crg.es/serrano_lab/
1PGB,A,PROTEIN G,56,MTYKLILNGKTLKGETTTEAVDAATAEKVFKQYANDNGVDGEWTYDDATKTFTVTE,A+B, EEEEEEE SS EEEEEEE SSHHHHHHHHHHHHHHTT   EEEEETTTTEEEEE ,6195.8,1,14,4,24,10,6,-0.634,59.29,4.46,Two,9.69529,6,6.3,25,7.5,NA,NA,Maxwell,2005,http://www.bakerlab.org
1PGB,A_fragment,PROTEIN G,16,GEWTYDDATKTFTVTE,A+B, EEEEETTTTEEEEE ,1863.9,NA,NA,2,10,4,1,-0.95,24.38,3.92,Two,9.69529,6,12,25,NA,41,56,Munoz,1997,http://www.niddk.nih.gov/about-niddk/staff-directory/intramural/william-eaton/pages/publications.aspx
1PHP,A_c_fragment,3-PHOSPHOGLYCERATE KINASE,219,EVLGKALSNPDRPFTAIIGGAKVKDKIGVIDNLLEKVDNLIIGGGLAYTFVKALGHDVGKSLLEEDKIELAKSFMEKAKEKGVRFYMPVDVVVADRFANDANTKVVPIDAIPADWSALDIGPKTRELYRDVIRESKLVVWNGPMGVFEMDAFAHGTKAIAEALAEALDTYSVIGGGDSAAAVEKFGLADKMDHISTGGGASLEFMEGKQLPGVVALEDK,A/B,HHHHHHHHS  SSEEEEE SS HHHHHHHHHHHTTT SEEEE TTHHHHHHHHTT   TTS   GGGHHHHHHHHHHHHHHT EEE  SEEEEESSSSTTS EEEEEGGG  TT EEEEE HHHHHHHHHHHHT SEEEEES SS TTSGGG HHHHHHHHHHHH TT EEEE SHHHHHHHHHTT GGGSSEE S THHHHHHHTT   HHHHTS B,23376.8,9,85,9,38,35,26,0.019,98.45,4.93,Multi,26.5408,6,-3.44,25,7.2,176,394,Parker,1996,http://www.bristol.ac.uk/biochemistry/cpfg/people/clarke.htm
1PHP,A_n_fragment,3-PHOSPHOGLYCERATE KINASE,175,MNKKTIRDVDVRGKRVFCRVDFNVPMEQGAITDDTRIRAALPTIRYLIEHGAKVILASHLGRPKGKVVEELRLDAVAKRLGELLERPVAKTNEAVGDEVKAAVDRLNEGDVLLLENVRFYPGEEKNDPELAKAFAELADLYVNDAFGAAHRAHASTEGIAHYLPAVAGFLMEKEL,A/B,  B BGGGS  TT EEEEE      EETTEES  HHHHHHHHHHHHHHHTT EEEEE   S   SS  GGG SHHHHHHHHHHHTS  EE S SSSHHHHHHHHT  TT EEE   GGGSHHHHHT HHHHHHHHTT SEEEE  GGGTTS  TTTTGGGGTS EEE HHHHHHH,19371.2,6,54,8,26,29,26,-0.233,99.26,5.99,Multi,26.5408,6,2.3,25,7.5,1,175,Parker,1996,http://www.bristol.ac.uk/biochemistry/cpfg/people/clarke.htm
1PIN,A,PEPTIDYL-PROLYL CIS-TRANS ISOMERASE,163,MADEEKLPPGWEKRMSRSSGRVYYFNHITNASQWERPSGNSSSGGKNGQGEPARVRCSHLLVKHSQSRRPSSWRQEKITRTKEEALELINGYIQKIKSGEEDFESLASQFSDCSSAKARGDLGAFSRGQMQKPFEDASFALRTGEMSGPVFTDSGIHIILRTE,B,        TTEEEEE TTS  EEEEETTT  EESS S          S    S EEEEEEEE  TTSSS  BTTBSS    HHHHHHHHHHHHHHHHHTSS HHHHHHHH SSGGGGGTTEEEEE TTSS HHHHHHHHH  TT B   EE SS EEEEEE  ,18243.2,3,34,7,33,21,24,-0.877,53.93,8.95,Two,17.8881,6,9.4,NA,7,6,39,Jager,2001,http://www.scs.illinois.edu/mgweb/
1PNJ,A,PHOSPHATIDYLINOSITOL 3-KINASE P85-ALPHA SUBUNIT SH3 DOMAIN,86,GSMSAEGYQYRALYDYKKEREEDIDLHLGDILTVNKGSLVALGFSDGQEAKPEEIGWLNGYNETTGERGDFPGTYVEYIGRKKISP,B,   S SS EEEE S B   STTB  B TT EEE  SS GGGTT  S   S TTT  EEEEEETTTTEEEEEESSSEEEEE  TT  ,9638.6,NA,NA,5,24,16,10,-0.792,69.19,4.66,Two,14.6486,6,-1.04,20,7.2,NA,NA,Guijarro,1998,
1POH,A,HISTIDINE-CONTAINING PHOSPHOCARRIER PROTEIN HPR,85,MFQQEVTITAPNGLHTRPAAQFVKEAKGFTSEITVTSNGKSASAKSLFKLQTLGLTQGTVVTISAEGEDEQKAVEHLVKLMAELE,A+B, EEEEEE  STTSS HHHHHHHHHHHTTS SEEEEEETTEEEETT HHHHTTS   TT EEEEEEESTTHHHHHHHHHHHHHH  ,9119.3,3,29,4,23,10,8,-0.166,84.94,5.6,Two,14.9915,6,2.7,20,7,NA,NA,Van Nuland,1998,http://www-dobson.ch.cam.ac.uk/mediawiki
1PRB,A,PROTEIN PAB,53,TIDQWLLKNAKEDAIAELKKAGITSDFYFNAINKAKTVEEVNALKNEILKAHA,A,  TTGGG SHHHHHHHHHTTTT   HHHHHHHHHSSSHHHHHHHHHHHHHHT ,5930.8,3,32,NA,NA,8,8,-0.325,101.51,6.46,Two,6.09215,6,13.8,74.7,7,NA,NA,Wang,2004,http://gaigroup.chem.upenn.edu/
1PRS,A_c_fragment,DEVELOPMENT-SPECIFIC PROTEIN S,83,PRARFFYKEQFDGKEVDLPPGQYTQAELERYGIDNNTISSVKPQGLAVVLFKNDNFSGDTLPVNSDAPTLGAMNNNTSSIRIS,B,  EEE SSTTT SS EEE SEEE TTTTHHHHS SS    EE SSS EEEESSGGG S EEEE S BS  TTT  S  EEEE,9167.1,1,4,7,23,10,8,-0.589,70.48,4.85,Two,15.0924,6,-2.04,20,7,91,173,Wenk,1998,
1PSF,A,PHOTOSYSTEM I ACCESSORY PROTEIN E,69,AIERGSKVKILRKESYWYGDVGTVASIDKSGIIYPVIVRFNKVNYNGFSGSAGGLNTNNFAEHELEVVG,B,   TT EEEE  SS TTTTSEEEEEE  SS SS  EEEE S    SS  SS     EEEE TTTEEE  ,7536.4,NA,NA,5,21,7,8,-0.168,90.29,8.29,Two,12.0689,6,1.1,NA,NA,NA,NA,Grantcharova,2001,
1QOP,A,TRYPTOPHAN SYNTHASE BETA CHAIN,268,MERYENLFAQLNDRREGAFVPFVTLGDPGIEQSLKIIDTLIDAGADALELGVPFSDPLADGPTIQNANLRAFAAGVTPAQCFEMLAIIREKHPTIPIGLLMYANLVFNNGIDAFYARCEQVGVDSVLVADVPVEESAPFRQAALRHNIAPIFICPPNADDDLLRQVASYGRGYTYLLSRSGVTGAENRGALPLHHLIEKLKEYHAAPALQGFGISSPEQVSAAVRAGAAGAISGSAIVKIIEKNLASPKQMLAELRSFVSAMKAASRA,A/B,  HHHHHHHHHHHTT  EEEEEEETTSS HHHHHHHHHHHHHTT SSEEEE   S  TT  HHHHHHHHHHHHTT  HHHHHHHHHHHHHH SSS EEEEE HHHHHTT HHHHHHHHHHHT  EEEETT  GGG HHHHHHHHHTT EEE EE TT  HHHHHHHHHH  S EEEESSSS   SSS      HHHHHHHHHTT   EEEESS  SHHHHHHHHHTT SEEEE HHHHHHHHHTTT HHHHHHHHHHHHHHHHHTT  ,28670.8,12,129,9,37,29,23,0.113,100.26,5.42,Multi,21.9348,6,-2.5,25,7,NA,NA,Ogasahara,1994,http://www.researchgate.net/profile/Katsuhide_Yutani
1QOP,B,TRYPTOPHAN SYNTHASE BETA CHAIN,396,TTLLNPYFGEFGGMYVPQILMPALNQLEEAFVSAQKDPEFQAQFADLLKNYAGRPTALTKCQNITAGTRTTLYLKREDLLHGGAHKTNQVLGQALLAKRMGKSEIIAETGAGQHGVASALASALLGLKCRIYMGAKDVERQSPNVFRMRLMGAEVIPVHSGSATLKDACNEALRDWSGSYETAHYMLGTAAGPHPYPTIVREFQRMIGEETKAQILDKEGRLPDAVIACVGGGSNAIGMFADFINDTSVGLIGVEPGGHGIETGEHGAPLKHGRVGIYFGMKAPMMQTADGQIEESYSISAGLDFPSVGPQHAYLNSIGRADYVSITDDEALEAFKTLCRHEGIIPALESSHALAHALKMMREQPEKEQLLVVNLSGRGDKDIFTVHDILKARGEI,A/B,  SS  EETTEEEEES GGGHHHHHHHHHHHHHHHT HHHHHHHHHHHHHTT  S  EEE HHHHTTSSEEEEEEEGGGSTTSBTHHHHHHHHHHHHHHTT  EEEEEESSSHHHHHHHHHHHHHT EEEEEEEHHHHHH HHHHHHHHHTT EEEEE STTSSHHHHHHHHHHHHHHHTTTEEE   SS SSTTHHHHHHHTTTHHHHHHHHHHHHHHSS  SEEEEE SSSHHHHHHHGGGTT TTSEEEEEEEEETBGGGTBS  HHHHSEEEEETEEEEEE B TTS B     SSGGG  SS  HHHHHHHHTTSSEEEEEEHHHHHHHHHHHHHHHS  B HHHHHHHHHHHHHHHHSTTS EEEEEEE BB GGGHHHHHHH       ,42736.7,16,167,14,76,46,37,-0.169,85.83,5.88,Multi,21.9348,6,-6.9,12,7.8,NA,NA,Goldberg,1990,http://www.neuroscience.columbia.edu/?page=96
1QTU,A,PROTEIN (PRODUCT OF THE MTCP1 ONCOGENE),117,GSMAGEDVGAPPDHLWVHQEGIYRDEYQRTWVAVVEEETSFLRARVQQIQVPLGDAARPSHLLTSQLPLMWQLYPEERYMDNNSRLWQIQHHLMVRGVQELLLKLLPDDRSPGIHRD,B,    SS  SS  SEEEEEETTEEE TTS EEEEEEEEETTEEEEEEEE          HHHHHH SS SEEEEETTTEEEETTS EEEEEEEEEETTEEEEEEEE S    SS    ,13663.4,1,6,8,53,17,11,-0.572,90.77,5.4,Two,16.5157,6,-0.36,21,7,NA,NA,Roumestand,2001,http://www.rpi.edu/dept/bio/faculty/profiles/royer.html
1RA9,A,DIHYDROFOLATE REDUCTASE,159,MISLIAALAVDRVIGMENAMPWNLPADLAWFKRNTLDKPVIMGRHTWESIGRPLPGRKNIILSSQPGTDDRVTWVKSVDEAIAACGDVPEIMVIGGGRVYEQFLPKAQKLYLTHIDAEVEGDTHFPDYEPDDWESVFSEFHDADAQNSHSYCFEILERR,A/B, EEEEEEE GGGEEE SS  S   HHHHHHHHHHHTTS EEEEHHHHHHH S  TTS EEEE SS  S TTSEEESSHHHHHHTT S S EEE   HHHHHHHGGG SEEEEEEE      SEE     GGGEEEEEEEEE   SS SS EEEEEEEE ,18000.3,4,31,10,50,26,15,-0.294,84.65,4.76,Multi,22.3141,6,NA,15,7.8,NA,NA,Jennings,1993,http://profiles.umassmed.edu/profiles/display/133171
1RFA,A,RAF1,79,ASNTIRVFLPNKQRTVVNVRNGMSLHDCLMKALKVRGLQPECCAVFRLLHEHKGKKARLDWNTDAASLIGEELQVDFLD,A+B,   EEEEE TTS   EEE  SS  HHHHHHHHHHHHT  STTEEEEE  SS SS  EE  TT  GGGSTTSEEEEEE  ,8960.4,1,12,5,21,9,12,-0.241,97.47,9,Two,12.6796,6,8.36,25,7,NA,NA,Maxwell,2005,http://michnick.bcm.umontreal.ca/
1RIS,A,RIBOSOMAL PROTEIN S6,101,MRRYEVNIVLNPNLDQSQLALEKEIIQRALENYGARVEKVEELGLRRLAYPIAKDPQGYFLWYQVEMPEDRVNDLARELRIRDNVRRVMVVKSQEPFLANA,A+B, EEEEEEEEE TT  HHHHHHHHHHHHHHHHHTT EEEEEEEEEEEEEEEEETTEEEEEEEEEEEEE HHHHHHHHHHHTTSTTEEEEEEEE SS      ,11972.7,2,28,4,47,16,16,-0.53,102.28,6.32,Two,18.3831,6,6.07,25,7,NA,NA,Maxwell,2005,http://zebra.berkeley.edu/
1RYK,A,Protein yjbJ,69,MNKDEAGGNWKQFKGKVKEQWGKLTDDDMTIIEGKRDQLVGKIQERYGYQKDQAEKEVVDWETRNEYRW,A,     SSSHHHHHHHHHHHHT SS HHHHHHHTT HHHHHHHHHHHT   HHHHHHHHHHHHHHH TT ,8325.2,4,45,NA,NA,15,14,-1.526,47.97,5.44,Two,8.56367,6,9.08,25,7,NA,NA,Maxwell,2005,http://www.g-sin.com/explore/researchers/Aled_Edwards
1SCE,A,SUC1,112,MSKSGVPRLLTASERERLEPFIDQIHYSPRYADDEYEYRHVMLPKAMLKAIPTDYFNPETGTLRILQEEEWRGLGITQSLGWEMYEVHVPEPHILLFKREKDYQMKSQQRGG,A+B,           HHHHHHHGGGGGG EE   EE SSEEEEEEE  GGGGGTS GGGB TTTSSB    HHHHHTTT    TT EEE      TTEEEEEEE            ,13299.1,2,12,5,21,18,15,-0.788,73.12,5.8,Multi,7.31965,6,4.22,25,7.5,NA,NA,Schymkowitz,2000,http://www.ch.cam.ac.uk/person/lsi10
1SHG,A,ALPHA-SPECTRIN SH3 DOMAIN,62,MDETGKELVLALYDYQEKSPREVTMKKGDILTLLNSTNKDWWKVEVNDRQGFVPAAYVKKLD,B,       EEEE S B   STTB  B TT EEEEEE  SSSEEEEEETTEEEEEEGGGEEEE ,7219.2,NA,NA,5,26,11,10,-0.684,83.23,5.27,Two,10.889,6,1.05,25,7,NA,NA,Maxwell,2005,http://sb.crg.es/serrano_lab/
1SPR,A,SRC TYROSINE KINASE SH2 DOMAIN,104,QAEEWYFGKITRRESERLLLNPENPRGTFLVRESETTKGAYCLSVSDFDNAKGLNVKHYKIRKLDSGGFYITSRTQFSSLQQLVAYYSKHADGLCHRLTNVCPT,A+B,   TTB  S  HHHHHHHHT TTS TT EEEEE SSSTT EEEEEEEEETTTEEEEEEEEEEE TTS EESSSSSEESSHHHHHHHHHH  TTSSS    B   ,11952.4,2,18,5,29,11,15,-0.627,71.25,9.08,Two,11.5258,6,8.74,25,7,NA,NA,Maxwell,2005,http://www.bakerlab.org
1SRL,A,SRC TYROSINE KINASE SH3 DOMAIN,64,GALAGGVTTFVALYDYESRTETDLSFKKGERLQIVNNTEGDWWLAHSLTTGQTGYIPSNYVAPS,B,         EE SS     SSSS    TT EEEE S  SSSEEEEE SSS  EEEEEGGG B  ,6998.6,NA,NA,4,16,7,4,-0.334,74.69,4.7,Two,11.6741,6,4.36,25,7,NA,NA,Maxwell,2005,
1SS1,A,Immunoglobulin G binding protein A,62,GSTADNKFNKEQQNAFWEILHLPNLNEEQRNGFIQSLKDDPSQSANLLAEAKKLNDAQAPKA,A,  S TT   HHHHHHHHHHHH TTS HHHHHHHHHHHHH GGGHHHHHHHHHHHHHHH S  ,6937.6,3,40,NA,NA,9,7,-1.026,69.52,5.16,Two,6.25084,6,11.48,25,5.5,NA,NA,Sato,2006,http://www2.mrc-lmb.cam.ac.uk/groups/fersht/
1ST7,A,Acyl-CoA-binding protein,86,VSQLFEEKAKAVNELPTKPSTDELLELYALYKQATVGDNDKEKPGIFNMKDRYKWEAWENLKGKSQEDAEKEYIALVDQLIAKYSS,, HHHHHHHHHHHTS SS   HHHHHHHHHHHHHHHH S       SS HHHHHHHHHHHTTTTTHHHHHHHHHHHHHHHHHHHH  ,9930.1,4,58,NA,NA,17,13,-0.847,77.21,4.85,Multi,11.3624,6,8.52,5,5.3,NA,NA,Teilum,2005,
1TEN,A,TENASCIN,90,RLDAPSQIEVKDVTDTTALITWFKPLAEIDGIELTYGIKDVPGDRTTIDLTEDENQYSIGNLKPDTEYEVSLISRRGDMSSNPAKETFTT,B,     EEEEEES  SS EEEEEE  SS  SEEEEEEEETT TT  EEEEEETT  EEEE S  TT EEEEEEEEEETTEE   EEEEEE ,10052.1,NA,NA,8,48,18,9,-0.577,82.33,4.24,Two,15.2206,6,1.06,20,5,NA,NA,Clarke,1997,http://www-clarke.ch.cam.ac.uk/
1TIT,A,TITIN  I27,98,MHHHHHHSSLIEVEKPLYGVEVFVGETAHFEIELSEPDVHGQWKLKGQPLTASPDCEIIEDGKKHILILHNCQLGMTGEVSFQAANAKSAANLKVKEL,B,             SS    EEE SSS EEEEEE SSSS   B  SSS      TTEEEEE SSEEEEEE S  STT EEE  EETTEE  EEEEE   ,10910.4,NA,NA,8,32,14,8,-0.314,91.53,5.87,Two,16.4532,6,3.56,25,7.4,NA,NA,Fowler,2001,http://www-clarke.ch.cam.ac.uk/
1TTF,A,FIBRONECTIN,94,VSDVPRDLEVVAATPTSLLISWDAPAVTVRYYRITYGETGGNSPVQEFTVPGSKSTATISGLKPGVDYTITVYAVTGRGDSPASSKPISINYRT,B,   SS   EEEEEETTEEEEE    SS   EEEEEEEETTSS   EEEEE S  SEEEE S  SSSEEEEEEEEE  SSSS      EEEEEE ,9939.1,NA,NA,7,43,8,8,-0.115,82.87,6.31,Multi,11.7917,6,5.48,25,5,NA,NA,Cota,2000,http://www-clarke.ch.cam.ac.uk/
1U5P,A,Spectrin alpha chain  brain,216,MANKQQNFNTGIKDFDFWLSEVEALLASEDYGKDLASVNNLLKKHQLLEADISAHEDRLKDLNSQADSLMTSSAFDTSQVKDKRETINGRFQRIKSMAAARRAKLNESHRLHQFFRDMDDEESWIKEKKLLVSSEDYGRDLTGVQNLRKKHKRLEAELAAHEPAIQGVLDTGKKLSDDNTIGKEEIQQRLAQFVDHWKELKQLAAARGQRLEESLE,A,   HHHHHHHHHHHHHHHHHHHHHHHT     SSHHHHHHHHHHHHHHHHHHHHHHHHHHHHHHHHHHHHT SSS THHHHHHHHHHHHHHHHHHHHHHHHHHHHHHHHHHHHHHHHHHHHHHHHHHHHHHHT     SSHHHHHHHHHHHHHHHHHHHHHHHHHHHHHHHHHHHHHT SS SHHHHHHHHHHHHHHHHHHHHHHHHHHHT     ,24821.8,5,178,NA,NA,39,35,-0.86,80.05,6.02,Two,12.0214,6,11,25,7,1662,1771,Scott,2004,http://www-clarke.ch.cam.ac.uk/
1UBQ,A,UBIQUITIN,76,MQIFVKTLTGKTITLEVEPSDTIENVKAKIQDKEGIPPDQQRLIFAGKQLEDGRTLSDYNIQKESTLHLVLRLRGG,A+B, EEEEEETTS EEEEE  TTSBHHHHHHHHHHHH   GGGEEEEETTEE  TTSBTGGGT  TT EEEEEE  S  ,8564.8,1,12,5,24,11,11,-0.489,100,6.56,Two,11.4748,6,7.33,25,5,NA,NA,Maxwell,2005,http://sosnick.uchicago.edu/people/trsosnick.html
1URN,A,PROTEIN (U1A),97,AVPETRPNHTIYINNLNEKIKKDELKKSLHAIFSRFGQILDILVSRSLKMRGQAFVIFKEVSSATNALRSMQGFPFYDKPMRIQYAKTDSDIIAKMK,A+B,     S  SEEEEES  TTS HHHHHHHHHHHHGGGS EEEEEE  STTTTT EEEEESSHHHHHHHHHHHTT EETTEE EEEE SS  HHHHH  ,11190.1,3,28,6,24,9,17,-0.357,87.53,9.99,Two,2.84704,6,4.62,25,7,NA,NA,Maxwell,2005,
1UZC,A,HYPOTHETICAL PROTEIN FLJ21157,71,GSQPAKKTYTWNTKEEAKQAFKELLKEKRVPSNASWEQAMKMIINDPRYSALAKLSEKKQAFNAYKVQTEK,A,    S       SHHHHHHHHHHHHHHTT  TT  HHHHHHHHHTSGGGGG SSHHHHHHHHHHHHHHS  ,8236.4,3,37,NA,NA,8,15,-1.108,53.8,9.78,Multi,9.93879,6,8.04,25,5.7,NA,NA,Jemth,2004,http://www2.mrc-lmb.cam.ac.uk/groups/fersht/
1V9E,A,Carbonic anhydrase II,259,SHHWGYGKHNGPEHWHKDFPIANGERQSPVDIDTKAVVQDPALKPLALVYGEATSRRMVNNGHSFNVEYDDSQDKAVLKDGPLTGTYRLVQFHFHWGSSDDQGSEHTVDRKKYAAELHLVHWNTKYGDFGTAAQQPDGLAVVGVFLKVGDANPALQKVLDALDSIKTKGKSTDFPNFDPGSLLPNVLDYWTYPGSLTTPPLLESVTWIVLKEPISVSSQQMLKFRTLNFNAEGEPELLMLANWRPAQPLKNRQVRGFPK,B,     SSTTTSTTTGGGT GGGGSSS S  EE GGG EE TT   EEEE TT  EEEEEE SSSEEEEE  SSSSSEEEETT  S EEEEEEEEEE SSTT   SSEETTB  SEEEEEEEEEGGGSSHHHHTTSTTSEEEEEEEEEESS  GGGHHHHHHGGGS STT EEE  S  GGGGS S   EEEEEE  SSTT  S EEEEEESS EEE HHHHHHHTTSBSS TTS   B           TT   EEE  ,28982.5,3,17,15,75,30,27,-0.555,75.64,6.4,Multi,35.5627,6,-4.2,20,8,NA,NA,Melnik,2008,
1VII,A,VILLIN,36,MLSDEDFKAVFGMTRSAFANLPLWKQQNLKKEKGLF,A,   HHHHHTTSSS HHHHTTS HHHHHHHHHHTT  ,4189.9,3,19,NA,NA,4,6,-0.389,70.56,9.4,Two,4.22218,6,12.6,49.9,5.3,NA,NA,Kubelka,2003,
1W4J,A,PYRUVATE DEHYDROGENASE E2,51,GSREVAAMPAARRLAKELGIDASKVKGTGPGGVITVEDVKRWAEETAKATA,, TTS B  HHHHHHHHHHT  TTTS   BTTTB  HHHHHHHHHHHHH   ,5251,2,23,NA,NA,7,9,-0.302,78.63,9.4,Two,5.35825,6,12.25,25,5.7,NA,NA,Ferguson,2005,http://www2.mrc-lmb.cam.ac.uk/groups/fersht/
1WIT,A,TWITCHIN 18TH IGSF MODULE,93,LKPKILTASRKIKIKAGFTHNLEVDFIGAPDPTATWTVGDSGAALAPELLVDAKSSTTSIFFPSAKRADSGNYKLKVKNELGEDEAIFEVIVQ,B,   EE     EEEE TTB  EEEEEEE  SS EEEEE STTT B STTSEEEEETTEEEEE TTB GGG EEEEEEEEETTEEEEEEEEEEE ,9989.4,NA,NA,8,48,12,12,-0.101,93.44,6.79,Two,19.3083,6,0.41,20,5,NA,NA,Clarke,1999,http://www-clarke.ch.cam.ac.uk/
1YCC,A,CYTOCHROME C,108,TEFKAGSAKKGATLFKTRCLQCHTVEKGGPHKVGPNLHGIFGRHSGQAEGYSYTDANIKKNVLWDENNMSEYLTNPKKYIPGTKMAFGGLKKEKDRNDLITYLKKACE,A,       HHHHHHHHHHHTTTT   STT    SS   TT TTSBTT STT    HHHHHH  B  HHHHHHHHH HHHHSTT          HHHHHHHHHHHHHH  ,12050.7,5,44,NA,NA,11,19,-0.833,57.87,9.47,Two,12.854,6,6.21,22.5,7,NA,NA,Mines,1996,http://www.bilrc.caltech.edu/
1YEA,A,CYTOCHROME C,112,AKESTGFKPGSAKKGATLFKTRCQQCHTIEEGGPNKVGPNLHGIFGRHSGQVKGYSYTDANINKNVKWDEDSMSEYLTNPKKYIPGTKMAFAGLKKEKDRNDLITYMTKAAK,A, HHHH      HHHHHHHHHHHTTTT   STT    SS   TTGGGSBSS STT    HHHHHH  B  HHHHHHHHH HHHHSTT         SHHHHHHHHHHHHHHT ,12401.1,6,48,NA,NA,11,20,-0.927,49.73,9.61,Two,13.1815,6,1.28,25,6,NA,NA,Panda,2000,
1YZA,A,Redesigned apo-cytochrome b562,106,ADLEDNDETGNDNGKGGEKADNAAQVKDALTKMRAAALDAQKATPPKLEDKSPDSPEMKDFRHGFDILVGQIDDALKLANEGKVKEAQAAAEQLKTTIRAYNQKYG,,  SS SS SSSSSS SSS SSSHHHHHHHHHHHHHHHHHHHHTS  GGGG  TTSTHHHHHHHHHHHHHHHHHHHHHHHHSS HHHHHHHHHHHHHHHHHHHHHH ,11430.6,3,66,NA,NA,21,16,-0.978,64.72,4.85,Two,6.13548,6,8.4,25,5.2,NA,NA,Chu,2002,http://ccr.cancer.gov/staff/staff.asp?profileid=5607
256B,A,CYTOCHROME B562,106,ADLEDNMETLNDNLKVIEKADNAAQVKDALTKMRAAALDAQKATPPKLEDKSPDSPEMKDFRHGFDILVGQIDDALKLANEGKVKEAQAAAEQLKTTRNAYHQKYR,A,  HHHHHHHHHHHHHHHHH  SHHHHHHHHHHHHHHHHHHTTS  GGGTTS TTSHHHHHHHHHHHHHHHHHHHHHHHHHTT HHHHHHHHTHHHHHHHHHHHHH ,11780.2,5,81,NA,NA,20,17,-0.87,74.81,5.38,Two,7.93538,6,12.2,NA,6.6,NA,NA,Wittung-Stafshede,1999,
2A3D,A,PROTEIN (DE NOVO THREE-HELIX BUNDLE),73,MGSWAEFKQRLAAIKTRLQALGGSEAELAAFEKEIAAFESELQAYKGKGNPEVEALRKEAAAIRDELQAYRHN,Designed proteins, HHHHHHHHHHHHHHHHHHH SSGGGTHHHHHHHHHHHHHHHHHSSS  SSTTTHHHHHHHHHHHHHHHHTT ,8108.1,3,52,NA,NA,12,11,-0.558,77.95,5.82,Two,7.40506,6,12.5,44,2.6,NA,NA,Zhu,2003,http://gaigroup.chem.upenn.edu/
2A5E,A,TUMOR SUPPRESSOR P16INK4A,156,MEPAAGSSMEPSADWLATAAARGRVEEVRALLEAGALPNAPNSYGRRPIQVMMMGSARVAELLLLHGAEPNCADPATLTRPVHDAAREGFLDTLVVLHRAGARLDVRDAWGRLPVDLAEELGHRDVARYLRAAAGGTRGSNHARIDAAEGPSDIPD,A+B,   SSS     THHHHHHHHHTT HHHHHHHHHHT  TT   TTS  TTTTSTTS HHHHHHHHHHT  SS   TTT   HHHHHHHHT HHHHHHHHHH        SSS  HHHHHHHHT HHHHHHHHHTTT   SSSSSS SSTTSSSSS  ,16532.6,7,64,NA,NA,22,17,-0.235,87.18,5.5,Multi,8.68773,6,3.5,25,7.5,NA,NA,Tang,1999,
2ACY,A,ACYLPHOSPHATASE,98,AEGDTLISVDYEIFGKVQGVFFRKYTQAEGKKLGLVGWVQNTDQGTVQGQLQGPASKVRHMQEWLETKGSPKSHIDRASFHNEKVIVKLDYTDFQIVK,A+B,  TT EEEEEEEEEEE SSSSHHHHHHHHHHHTT EEEEEE TTS EEEEEEEEHHHHHHHHHHHHHT STT EEEEEEEEEEEE SS S SSEEEE ,11082.5,2,24,5,41,12,13,-0.544,77.45,8.22,Two,19.6245,6,0.84,28,5.5,NA,NA,Taddei,1999,http://www.fabriziochiti.it/research.html
2BLM,A,BETA-LACTAMASE,265,KTEMKDDFAKLEEQFDAKLGIFALDTGTNRTVAYRPDERFAFASTIKALTVGVLLQQKSIEDLNQRITYTRDDLVNYNPITEKHVDTGMTLKELADASLRYSDNAAQNLILKQIGGPESLKKELRKIGDEVTNPERFEPELNEVNPGETQDTSTARALVTSLRAFALEDKLPSEKRELLIDWMKRNTTGDALIRAGVPDGWEVADKTGAASYGTRNDIAIIWPPKGDPVVLAVLSSRDKKDAKYDDKLIAEATKVVMKALNMNGK,Multi-domain proteins (alpha and beta),                                                                                                                                                                                                                                                                         ,29502.4,NA,NA,NA,NA,44,39,-0.534,86.57,5.25,Multi,16.7633,6,-1.2,20,7,NA,NA,Santos,2004,http://www.researchgate.net/profile/Mario_Ermacora2/publications
2CI2,I,CHYMOTRYPSIN INHIBITOR 2,83,SSVEKKPEGVNTGAGDRHNLKTEWPELVGKSVEEAKKVILQDKPEAQIIVLPVGTIVTMEYRIDRVRLFVDKLDNIAEVPRVG,A+B,                      B GGGTTSBHHHHHHHHHHH TT EEEEEETT    S   TTEEEEEE TTSBB S  EE ,9250.6,1,11,3,14,14,13,-0.351,103.13,5.81,Two,9.96675,6,5.75,25,7,NA,NA,Maxwell,2005,http://www2.mrc-lmb.cam.ac.uk/groups/fersht/
2CRO,A,REGULATORY PROTEIN CRO,71,MQTLSERLKKRRIALKMTQTELATKAGVKQQSIQLIEAGVTKRPRFLFEIAMALNCDPVWLQYGTKRGKAA,A,  SHHHHHHHHHHHTT  HHHHHHHHTS HHHHHHHHTT  SS TTHHHHHHHTTS HHHHHH        ,8062.6,5,40,NA,NA,5,14,-0.335,89.44,10.5,Multi,7.28413,6,5.35,20,6,NA,NA,Laurents,2000,
2EAL,A,Galectin-9,148,MAFSGSQAPYLSPAVPFSGTIQGGLQDGLQITVNGTVLSSSGTRFAVNFQTGFSGNDIAFHFNPRFEDGGYVVCNTRQNGSWGPEERKTHMPFQKGMPFDLCFLVQSSDFKVMVNGILFVQYFHRVPFHRVDTISVNGSVQLSYISFQ,,         EES  SSEEEE TT   TT EEEEEEEE SSS SBEEEEEESSS TT EEEEEEEE  TT EEEEEEEETTEE   EEE      TT EEEEEEEE SSEEEEEETTEEEEEEE SS GGG  EEEEEESEEEEEEE  ,16345.4,NA,NA,13,75,9,9,-0.066,67.7,6.89,Multi,27.6639,6,0.365,25,8,NA,NA,Dalessio,2000,
2FDQ,A,Acyl-CoA-binding protein,86,SQAEFDKAAEEVKNLKTKPADDEMLFIYSHYKQATVGDINTERPGMLDFKGKAKWDAWNQLKGTSKEDAMKSYIDKVEELKKKYGI,, HHHHHHHHHHHTT SS   HHHHHHHHHHHHHHHT S  S    TT HHHHHHHHHHHTTTT  HHHHHHHHHHHHHHHHHHH  ,9891.2,4,56,NA,NA,16,16,-0.969,60.23,6.55,Multi,10.7218,6,5.63,5,5.3,NA,NA,Kragelund,1995,
2HPR,A,HISTIDINE-CONTAINING PHOSPHOCARRIER PROTEIN HPR,87,AQKTFKVTADSGIHARPATVLVQTASKYDADVNLEYNGKTVNLKSIMGVVSLGIAKGAEITISASGADENDALNALEETMKCEGLGE,A+B, EEEEEB  TT S HHHHHHHHHHHTT SSEEEEEETTEEEETT HHHHHTT   TT EEEEEEESTTHHHHHHHHHHHHHHHTSB ,9042.1,3,31,4,22,12,8,-0.108,90.92,4.78,Two,14.9954,6,2.7,20,7,NA,NA,Van Nuland,1998,http://www-dobson.ch.cam.ac.uk/mediawiki
2HQI,A,MERCURIC TRANSPORT PROTEIN,72,ATQTVTLAVPGMTCAACPITVKKALSKVEGVSKVDVGFEKREAVVTFDDTKASVQKLTKATADAGYPSSVKQ,A+B,  EEEEEE TTTTSSSSHHHHHHHHHHSTT  EEEEETTTTEEEEEE TTS  HHHHHHHHHTSS   EEE ,7473.6,2,19,4,20,7,10,NA,79.86,9.04,Two,13.8946,6,0.18,25,4.9,NA,NA,Aronsson,1997,
2LZM,A,T4 LYSOZYME,164,MNIFEMLRIDEGLRLKIYKDTEGYYTIGIGHLLTKSPSLNAAKSELDKAIGRNCNGVITKDEAEKLFNQDVDAAVRGILRNAKLKPVYDSLDAVRRCALINMVFQMGETGVAGFTNSLRMLQQKRWDEAAVNLAKSRWYNQTPNRAKRVITTFRTGTWDAYKNL,A+B,  HHHHHHHHH  EEEEEE TTS EEEETTEEEESSS HHHHHHHHHHHHTS  TTB  HHHHHHHHHHHHHHHHHHHHT TTHHHHHHHS HHHHHHHHHHHHHHHHHHHHT HHHHHHHHHT HHHHHHHHHSSHHHHHSHHHHHHHHHHHHHSSSHHHHH ,18635.4,10,109,3,14,18,26,-0.415,86.89,9.59,Multi,11.6028,6,4.1,25,6,NA,NA,Parker,1999,
2PDD,A,DIHYDROLIPOAMIDE ACETYLTRANSFERASE,43,VIAMPSVRKYAREKGVDIRLVQGTGKNGRVLKEDIDAFLAGGA,A,    HHHHHHHHHHT  TTT  SS SSTT  HHHHHHHHHT  ,4600.3,2,19,NA,NA,5,8,-0.123,99.77,9.82,Two,5.02048,6,9.69,41,7.9,NA,NA,Spector,1999,http://www.chem.stonybrook.edu/faculty/raleigh.shtml
2PTL,A,PROTEIN L,60,VTIKANLIFANGSTQTAEFKGTFEKATSEAYAYADTLKKDNGEYTVDVADKGYTLNIKFA,A+B,EEEEEEEE SSS  EEEEEEESSHHHHHHHHHHHHTT SSS  EEE  BTTTTEEEEEE ,6545.2,1,12,4,24,8,7,-0.365,68.5,5.14,Two,10.2008,6,4.1,25,7,18,77,Maxwell,2005,
2QJL,A,Ubiquitin-related modifier 1,99,MVNVKVEFLGGLDAIFGKQRVHKIKMDKEDPVTVGDLIDHIVSTMINNPNDVSIFIEDDSIRPGIITLINDTDWELEGEKDYILEDGDIISFTSTLHGG,, EEEEEEEETTGGGGTTT  EEEEEE S S  BHHHHHHHHHHHT SSGGGHHHHEETTEE TTEEEEETTEEGGGGTGGG B  TT EEEEEE TT  ,11028.4,2,15,7,31,20,8,-0.1,107.17,4.29,Two,13.8068,6,2.58,25,7,NA,NA,Maxwell,2005,http://www-jackson.ch.cam.ac.uk/research/Protein_Folding/GFP.html
2RN2,A,RIBONUCLEASE H,155,MLKQVEIFTDGSCLGNPGPGGYGAILRYRGREKTFSAGYTRTTNNRMELMAAIVALEALKEHCEVILSTDSQYVRQGITQWIHNWKKRGWKTADKKPVKNVDLWQRLDAALGQHQIKWEWVKGHAGHPENERCDELARAAAMNPTLEDTGYQVEV,A/B,  SSEEEEEEEEESSTTEEEEEEEEEEETTEEEEEEEEEEEE HHHHHHHHHHHHHHT  S  EEEEEE  HHHHHHHHHTHHHHHHTTSB TTS B TTHHHHHHHHHHHTTSEEEEEE  TTS  HHHHHHHHHHHHHHTS  B  TT  S  ,17596.9,5,54,5,44,19,21,-0.631,73.68,8.43,Multi,19.2707,6,0.0095,25,5.5,NA,NA,Parker,1999,
2VIK,A,VILLIN 14T,126,VELSKKVTGKLDKTTPGIQIWRIENMEMVPVPTKSYGNFYEGDCYVLLSTRKTGSGFSYNIHYWLGKNSSQDEQGAAAIYTTQMDEYLGSVAVQHREVQGHESETFRAYFKQGLIYKQGGVASGMK,A+B,  TTTSSTTSS SS  EEEEEE GGGS  EE TTTTT   SSS EEEEEEEE SSSEEEEEEEEE TTS HHHHHHHHHHHHHHHHHTTS S EEEEETTTSHHHHHHH SS      S TT S  ,14157.9,2,24,5,30,13,14,-0.546,65.71,7.97,Multi,16.5842,6,11.9,25,4.1,NA,NA,Choe,1998,http://faculty.chemistry.harvard.edu/shakhnovich/home
2VKN,A,MAP KINASE KINASE PBS2,70,DDNFIYKAKALYPYDADDDDAYEISFEQNEILQVSDIEGRWWKARRANGETGIIPSNYVQLIDGPEEMHR,,    EEEEEESS B   SSSTTB  B TT EEEEE TTSSEEEEE TTS EEEEEGGGEEEEEEEE    ,8196.9,NA,NA,5,29,16,7,-0.88,72.57,4.24,Multi,13.4658,6,2.11,25,7,NA,NA,Maxwell,2005,http://individual.utoronto.ca/davidsonlab/
2WXC,A,DIHYDROLIPOYLTRANSSUCCINASE,47,GSQNNDALSPAIRRLLAEWNLDASAIKGTGVGGRLTREDVEKHLAKA,,  TT  SS HHHHHHHHHHT  GGGS   SSSS   HHHHHHHHHH ,5000.6,2,20,NA,NA,6,7,-0.498,93.62,8.5,Two,4.50322,6,11.2,9.85,7,NA,NA,Neuweiler,2009,http://www2.mrc-lmb.cam.ac.uk/groups/fersht/
3CHY,A,CHEY,128,ADKELKFLVVDDFSTMRRIVRNLLKELGFNNVEEAEDGVDALNKLQAGGYGFVISDWNMPNMDGLELLKTIRADGAMSALPVLMVTAEAKKENIIAAAQAGASGYVVKPFTAATLEEKLNKIFEKLGM,A/B,  TT  EEEE S HHHHHHHHHHHHHHT   EEEESSHHHHHHHHHH    EEEEES  SSS HHHHHHHHHH TTTTT  EEEEESS  HHHHHHHHHTT SEEEESS  HHHHHHHHHHHHHHHT ,13966.1,5,58,5,22,19,15,0.013,99.14,4.89,Multi,11.312,6,1,25,7,NA,NA,Munoz,1994,http://sb.crg.es/serrano_lab/
3F6R,A,Flavodoxin,148,MSKVLIVFGSSTGNTESIAQKLEELIAAGGHEVTLLNAADASAENLADGYDAVLFGCSAWGMEDLEMQDDFLSLFEEFDRIGLAGRKVAAFASGDQEYEHFCGAVPAIEERAKELGATIIAEGLKMEGDASNDPEAVASFAEDVLKQL,,  EEEEEEE SSSHHHHHHHHHHHHHHTTT EEEEEETTTB  TTTTTT SEEEEEE EE SSS EE HHHHHHHTTGGGT  TT EEEEEEEE TTSSSTTTHHHHHHHHHHHTT EE S  EEEESSGGG HHHHHHHHHHHHHT ,15695.4,4,45,8,37,29,9,0.018,89.19,4.09,Multi,15.197,6,3.52,20,7,NA,NA,Stagg,2010,http://www.chemistry.umu.se/english/research/group-leaders/pernilla-wittung-stafshede/
3M48,A,General control protein GCN4,33,RMAQLEAKVEELLSKNWNLENEVARLKKLVGER,,   HHHHHHHHHHHHHHHHHHHHHHHHHHTT  ,3895.5,1,26,NA,NA,6,7,-0.712,106.36,8.43,Two,2.45394,6,12.9,5,7,NA,NA,Zitzewitz,1995,http://profiles.umassmed.edu/profiles/display/133171
